pass,pc,preset,out_db,lufs,peak_dbfs,left_lufs,right_lufs
1,13,Satan Full Rig,0,-6.0,-1.0,-9.0,-9.0
1,14,Satan 50 Modern,0,-15.0,-5.4,-18.0,-18.0
1,15,Satan 50 Low Tuned,0,-13.8,-7.9,-16.8,-16.8
1,16,Satan 50 Lead,0,-14.0,-1.0,-16.9,-17.2
1,17,Satan Wall,0/0,-13.4,-1.0,-15.3,-17.9
1,18,A1 Test (Satan 50 Modern via A1 file),0,-20.7,-12.7,-23.7,-23.7
2,13,Satan Full Rig,-8,-9.8,-1.0,-12.9,-12.9
2,14,Satan 50 Modern,1,-14.1,-4.4,-17.1,-17.1
2,15,Satan 50 Low Tuned,0.2,-13.6,-7.7,-16.6,-16.6
2,16,Satan 50 Lead,0,-14.1,-1.0,-17.1,-17.1
2,17,Satan Wall,-1.7/0.9,-13.9,-1.0,-16.6,-16.9
2,18,A1 Test (Satan 50 Modern via A1 file),1,-19.7,-11.7,-22.7,-22.7
3,13,Satan Full Rig,-12.5,-14.1,-3.3,-17.2,-17.2
3,14,Satan 50 Modern,1,-14.0,-4.4,-17.0,-17.0
3,15,Satan 50 Low Tuned,0.6,-13.2,-7.3,-16.2,-16.2
3,16,Satan 50 Lead,0,-14.1,-1.0,-17.1,-17.1
3,17,Satan Wall,-1.7/0.9,-13.8,-1.0,-16.6,-16.9
3,18,A1 Test (Satan 50 Modern via A1 file),1,-19.7,-11.7,-22.7,-22.7
4,13,Satan Full Rig,-12.5,-14.1,-3.3,-17.1,-17.1
4,14,Satan 50 Modern,1,-14.1,-4.4,-17.1,-17.1
4,15,Satan 50 Low Tuned,-0.2,-14.0,-8.1,-17.0,-17.0
4,16,Satan 50 Lead,0,-14.1,-1.0,-17.1,-17.1
4,17,Satan Wall,-1.7/0.9,-13.5,-1.0,-16.3,-16.7
5,13,Satan Full Rig,-12.5,-14.3,-1.0,-17.3,-17.3
5,14,Satan 50 Modern (D18 cabs),2.4,-14.0,-6.4,-17.0,-17.0
5,15,Satan 50 Low Tuned (D18 cabs),-0.9,-14.0,-8.4,-17.0,-17.0
5,16,Satan 50 Lead (D18 cabs),0,-14.0,-4.5,-17.0,-17.0
5,17,Stormblade,0/0,-16.6,-6.1,-21.6,-18.2
6,13,Satan Full Rig,-12.5,-14.3,-1.0,-17.3,-17.3
6,14,Satan 50 Modern (D18 cabs),2.4,-14.2,-5.2,-17.2,-17.2
6,15,Satan 50 Low Tuned (D18 cabs),-0.9,-14.0,-3.8,-17.0,-17.0
6,16,Satan 50 Lead (D18 cabs),0,-13.9,-5.0,-17.0,-16.9
6,17,Stormblade,4.6/1.2,-14.0,-5.4,-16.9,-17.0
