run,pc,amp_preset,cab,out_db,lufs,peak_dbfs,left_lufs,right_lufs,b40_100,b100_250,b250_800,b800_2500,b2500_5000,b5000_10000,centroid_hz,low_env_spread_db
cab candidates,18,Satan 50 Modern,Res New Old Dude (catalog 5996),1.0,-15.1,-6.4,-18.1,-18.1,-13.4,-6.6,-6.8,-4.9,-7.5,-15.2,1473,19.2
cab candidates,19,Satan 50 Modern,Lancaster PLAP Cameron Webb Ubershall [57],1.0,-15.0,-6.3,-18.0,-18.0,-18.1,-7.4,-6.3,-4.5,-7.4,-14.6,1505,19.1
cab candidates,20,Satan 50 Modern,Lancaster PLAP Warren Huart Marsh v25,1.0,-15.4,-7.8,-18.4,-18.4,-18.3,-9.2,-5.3,-5.2,-6.7,-12.4,1755,18.5
cab candidates,21,Satan 50 Modern,Lancaster PLAP Ulrich Wild Albion [D4],1.0,-14.4,-5.8,-17.4,-17.4,-26.3,-6.9,-4.5,-6.2,-7.4,-18.3,1303,20.6
cab candidates,22,Satan 50 Low Tuned,Res New Old Dude (catalog 5996),-0.2,-13.8,-7.6,-16.8,-16.8,-17.3,-9.0,-9.8,-6.0,-3.5,-13.0,2456,18.9
cab candidates,23,Satan 50 Low Tuned,Lancaster PLAP Cameron Webb Ubershall [57],-0.2,-13.3,-7.7,-16.3,-16.3,-22.0,-10.2,-9.2,-6.0,-3.3,-12.7,2423,19.3
cab candidates,24,Satan 50 Low Tuned,Lancaster PLAP Warren Huart Marsh v25,-0.2,-13.8,-9.3,-16.8,-16.8,-22.5,-11.8,-9.8,-7.2,-2.7,-10.4,2857,18.2
cab candidates,25,Satan 50 Low Tuned,Lancaster PLAP Ulrich Wild Albion [D4],-0.2,-13.4,-5.7,-16.4,-16.4,-29.2,-9.4,-8.2,-8.6,-2.5,-15.8,2480,18.7
cab candidates,26,Satan 50 Lead,Res New Old Dude (catalog 5996),0,-14.6,-5.4,-17.6,-17.6,-16.5,-6.5,-8.1,-5.5,-5.4,-15.6,1828,19.7
cab candidates,27,Satan 50 Lead,Lancaster PLAP Cameron Webb Ubershall [57],0,-14.2,-5.5,-17.2,-17.2,-21.0,-7.8,-7.3,-5.4,-4.9,-15.3,1873,20.1
cab candidates,28,Satan 50 Lead,Lancaster PLAP Warren Huart Marsh v25,0,-15.0,-5.3,-18.0,-18.0,-21.5,-8.8,-7.5,-6.2,-4.1,-12.6,2220,20.4
cab candidates,29,Satan 50 Lead,Lancaster PLAP Ulrich Wild Albion [D4],0,-14.0,-4.5,-17.0,-17.0,-29.3,-6.2,-6.1,-7.9,-4.7,-18.8,1685,20.9
stormblade,17,Stormblade A2 dual,SMG UK V30 57 L / 440 R,0/0,-16.6,-6.1,-21.6,-18.2,-19.6,-8.1,-6.4,-3.6,-7.8,-25.4,1529,22.0
stormblade,18,Stormblade A2 single,SMG UK V30 57,0,-17.1,-9.5,-20.1,-20.1,-23.2,-7.9,-6.1,-4.0,-7.5,-21.7,1497,22.2
dry DI (reference),,none,none,,-19.4,-1.3,,,-19.5,-10.2,-2.5,-4.9,-25.3,-44.3,720,
