pc,preset,lufs,peak_dbfs,left_lufs,right_lufs,crest_db,centroid_hz,low,lowmid,mid,presence,air,t_build,t_load,t_render,t_total
0,Maiden Heavy,-14.0,-2.9,-17.21,-16.82,14.35,768,-5.18,-3.59,-8.7,-9.15,-25.38,0.02,0.2,1.8,2.69
1,Maiden Clean,-14.87,-1.0,-18.97,-16.96,16.68,531,-2.35,-6.92,-7.93,-12.74,-41.67,0.01,0.2,1.97,3.01
2,Maiden Acoustic,-14.99,-1.62,-20.35,-16.36,16.04,686,-5.66,-4.64,-4.17,-27.18,-34.8,0.01,0.22,2.67,3.78
3,Van Halen I Brown,-13.99,-2.97,-18.8,-15.73,15.31,1625,-9.79,-6.19,-4.22,-5.79,-19.22,0.03,0.28,4.69,6.04
4,Van Halen 1984,-14.02,-3.49,-19.64,-15.42,15.43,2186,-9.93,-8.11,-6.45,-3.13,-15.13,0.04,0.29,2.92,4.53
5,Def Leppard Pyromania,-13.96,-4.0,-18.38,-15.9,13.36,813,-6.43,-3.19,-8.13,-8.66,-25.78,0.02,0.49,4.98,6.65
6,Def Leppard Hysteria,-14.02,-3.06,-19.71,-15.39,13.67,818,-18.83,-1.22,-7.66,-12.24,-32.06,0.01,0.08,0.94,1.71
7,U2 Streets,-14.89,-3.47,-20.86,-16.16,13.94,439,-8.91,-1.07,-11.18,-18.52,-36.59,0.02,0.3,5.18,6.56
8,Comfortably Numb,-14.03,-2.44,-19.62,-15.44,16.19,1834,-9.48,-4.97,-8.1,-4.09,-16.08,0.02,0.22,2.99,3.92
9,Radiohead,-14.01,-1.0,-20.71,-14.91,15.79,633,-8.02,-1.5,-9.95,-15.04,-28.84,0.01,0.14,1.67,2.67
10,Nirvana,-13.96,-5.71,-17.29,-16.68,12.64,1515,-9.16,-5.55,-6.23,-4.48,-22.59,0.05,0.38,5.53,6.97
11,Djent,-14.05,-5.77,-17.34,-16.8,12.52,1511,-9.16,-4.87,-6.22,-5.38,-16.12,0.02,0.18,2.81,3.76
12,Purple Rain,-14.95,-1.59,-20.63,-16.32,18.38,1735,-14.59,-8.97,-2.11,-6.54,-30.73,0.02,0.27,2.89,4.45
13,Satan Full Rig,-14.0,-1.0,-17.01,-17.01,16.52,1099,-2.69,-12.76,-7.69,-6.51,-18.37,0.02,0.11,1.35,2.81
14,Satan 50 Modern,-14.0,-6.41,-17.01,-17.01,11.79,1754,-8.73,-5.34,-6.12,-5.65,-12.42,0.01,0.22,2.28,3.11
15,Satan 50 Low Tuned,-14.01,-8.38,-17.02,-17.02,11.01,2412,-9.86,-9.18,-11.24,-1.89,-12.74,0.0,0.17,1.94,2.74
16,Satan 50 Lead,-14.01,-4.49,-17.02,-17.02,13.64,1417,-5.24,-5.5,-11.19,-4.78,-19.68,0.0,0.2,2.31,3.2
17,Stormblade,-13.99,-4.9,-16.99,-17.01,13.18,1300,-6.96,-5.42,-6.01,-5.92,-23.64,0.01,0.21,1.69,2.75
18,Is This Love,-15.0,-1.0,-19.68,-16.8,18.8,1530,-12.61,-7.9,-2.23,-7.34,-36.6,0.04,0.29,4.8,6.39
19,Rule the World,-15.08,-1.0,-20.48,-16.55,17.93,1084,-7.83,-4.88,-4.04,-9.36,-46.59,0.02,0.26,3.3,4.96
20,Every Breath You Take,-15.05,-1.0,-19.73,-16.85,17.9,1109,-7.35,-4.91,-4.09,-9.91,-30.16,0.03,0.31,4.54,6.4
21,Hysteria Clean,-14.99,-1.0,-20.61,-16.35,17.66,1095,-20.41,-4.43,-2.31,-13.73,-36.7,0.02,0.23,2.72,4.57
22,This Charming Man,-15.02,-1.0,-20.54,-16.45,18.09,1164,-8.46,-6.79,-2.35,-11.83,-42.33,0.01,0.23,2.21,3.47
23,Maiden Harmony,-15.1,-6.92,-18.11,-18.11,11.63,856,-6.87,-3.08,-8.26,-8.27,-24.22,0.01,0.13,1.64,2.54
