pc,preset,stage,channel_wiring,total_lufs,out1_lufs,out2_lufs,out1_peak_dbfs,out2_peak_dbfs
0,Comfortably Numb,1 untrimmed,random L/R,-11.9,-17.3,-13.3,-4.3,0.8
1,Purple Rain,1 untrimmed,random L/R,-25.2,-26.5,-30.9,-10.1,-13.5
2,Tornado of Souls,1 untrimmed,random L/R,-2.3,-17.8,-2.4,-7.0,10.0
3,Dream Theater,1 untrimmed,random L/R,-2.6,-7.7,-4.2,5.4,8.1
4,Slipknot,1 untrimmed,random L/R,-1.9,-2.0,-20.5,9.5,-9.1
5,Djent,1 untrimmed,random L/R,-5.7,-18.1,-6.0,-6.6,7.2
6,Radiohead,1 untrimmed,random L/R,-3.8,-7.0,-6.6,4.3,7.7
7,Oasis,1 untrimmed,random L/R,0.9,-2.1,-2.2,9.4,9.0
8,Nirvana,1 untrimmed,random L/R,-15.0,-17.1,-19.2,-5.4,-8.1
9,Foo Fighters,1 untrimmed,random L/R,-0.8,-4.8,-3.0,6.5,8.9
10,Iron Maiden,1 untrimmed,random L/R,-16.0,-22.9,-16.9,-8.9,-4.5
11,My Clean,1 untrimmed,random L/R,-11.5,-12.9,-17.1,6.0,1.5
12,Petrucci Clean,1 untrimmed,random L/R,-17.9,-20.7,-21.1,0.2,-7.9
13,Acoustic,1 untrimmed,random L/R,-38.6,-40.1,-44.0,-25.0,-27.8
14,Glassy Clean,1 untrimmed,random L/R,-4.3,-5.7,-9.7,10.3,6.0
0,Comfortably Numb,2 first trims,random L/R,-14.6,-20.0,-16.1,-5.7,-2.1
1,Purple Rain,2 first trims,random L/R,-17.5,-18.9,-23.1,-0.2,-4.3
2,Tornado of Souls,2 first trims,random L/R,-1.7,-32.5,-1.7,-21.8,10.5
3,Dream Theater,2 first trims,random L/R,-14.2,-16.6,-17.9,-5.2,-6.1
4,Slipknot,2 first trims,random L/R,1.1,1.1,-35.3,13.4,-24.0
5,Djent,2 first trims,random L/R,-5.2,-5.2,-28.8,7.8,-18.0
6,Radiohead,2 first trims,random L/R,-11.8,-15.3,-14.4,-5.3,-2.0
7,Oasis,2 first trims,random L/R,-14.1,-17.1,-17.1,-5.9,-6.7
8,Nirvana,2 first trims,random L/R,-13.5,-14.9,-19.2,-3.3,-8.4
9,Foo Fighters,2 first trims,random L/R,-14.2,-17.1,-17.4,-5.0,-6.2
10,Iron Maiden,2 first trims,random L/R,-10.7,-23.3,-10.9,-9.4,1.8
11,My Clean,2 first trims,random L/R,-20.3,-25.9,-21.8,-7.0,-5.4
12,Petrucci Clean,2 first trims,random L/R,-16.5,-18.8,-20.2,-5.6,-6.2
13,Acoustic,2 first trims,random L/R,-12.6,-14.2,-17.7,1.0,-3.0
14,Glassy Clean,2 first trims,random L/R,-15.1,-16.7,-20.2,-2.9,-5.8
2,Tornado of Souls,3 stereo re-measure,out_1=L out_2=R,-1.9,-1.9,-32.5,10.3,-22.3
3,Dream Theater,3 stereo re-measure,out_1=L out_2=R,-14.1,-16.7,-17.7,-5.4,-4.7
4,Slipknot,3 stereo re-measure,out_1=L out_2=R,0.6,-35.6,0.6,-23.2,12.7
5,Djent,3 stereo re-measure,out_1=L out_2=R,-6.1,-6.1,-29.4,7.9,-17.7
6,Radiohead,3 stereo re-measure,out_1=L out_2=R,-14.4,-17.6,-17.1,-6.2,-3.7
7,Oasis,3 stereo re-measure,out_1=L out_2=R,-13.6,-16.4,-16.7,-6.7,-5.7
8,Nirvana,3 stereo re-measure,out_1=L out_2=R,-12.9,-18.2,-14.4,-8.3,-3.2
9,Foo Fighters,3 stereo re-measure,out_1=L out_2=R,-15.0,-19.0,-17.1,-6.4,-6.5
10,Iron Maiden,3 stereo re-measure,out_1=L out_2=R,-13.5,-14.0,-23.6,-0.1,-8.3
12,Petrucci Clean,3 stereo re-measure,out_1=L out_2=R,-20.7,-24.3,-23.2,-6.7,-8.6
2,Tornado of Souls,4 corrected stereo,out_1=L out_2=R,-14.0,-17.1,-16.9,-4.1,-6.4
4,Slipknot,4 corrected stereo,out_1=L out_2=R,-13.5,-16.4,-16.6,-5.2,-4.2
5,Djent,4 corrected stereo,out_1=L out_2=R,-13.6,-16.6,-16.7,-3.0,-6.0
10,Iron Maiden,4 corrected stereo,out_1=L out_2=R,-13.4,-15.4,-17.3,-2.5,-3.2
