press,direct_us,routed_first_us,routed_burst_us
0,141.8,273.6,344.0
1,36.5,274.2,281.8
2,71.1,177.7,304.0
3,43.5,154.5,283.7
4,39.0,136.5,160.0
5,24.0,185.5,186.2
6,39.1,91.8,92.5
7,22.1,289.8,290.3
8,41.3,60.1,60.6
9,167.2,56.4,56.8
10,177.3,120.0,207.8
11,234.3,83.2,166.8
12,14.0,89.4,168.2
13,30.1,80.6,118.3
14,11.3,95.1,132.7
15,96.1,43.9,44.1
16,148.1,127.8,128.1
17,47.5,79.6,80.4
18,91.6,65.5,65.8
19,19.5,37.3,37.5
20,133.7,78.4,127.5
21,182.1,118.9,156.1
22,51.6,84.7,126.2
23,42.8,160.7,208.3
24,11.6,77.4,115.1
25,162.7,52.1,52.4
26,14.4,165.0,165.2
27,185.8,86.9,87.4
28,242.4,36.0,36.1
29,41.3,45.5,45.9
30,112.7,154.9,249.5
31,138.5,92.0,184.9
32,146.1,98.4,187.0
33,65.3,113.2,207.7
34,165.7,167.6,262.7
35,54.3,99.4,100.7
36,151.4,76.9,77.7
37,141.7,62.5,62.9
38,21.5,105.2,105.6
39,41.6,66.5,67.0
40,12.1,91.2,181.5
41,164.6,106.3,191.7
42,11.1,88.9,176.9
43,11.0,115.1,155.0
44,136.1,56.5,94.5
45,11.8,126.2,126.4
46,11.8,169.8,169.9
47,58.3,66.9,67.1
48,21.6,83.7,83.9
49,88.1,78.2,78.4
50,45.9,102.3,153.5
51,151.1,237.1,257.3
52,52.0,115.0,167.0
53,142.6,147.1,195.4
54,133.1,222.0,246.3
55,13.4,189.0,190.2
56,41.8,123.4,123.9
57,18.3,114.5,115.4
58,113.5,113.8,114.6
59,53.4,138.1,138.9
60,12.5,170.7,271.0
61,148.5,141.0,225.6
62,16.0,155.1,261.1
63,39.9,142.2,241.6
64,172.8,122.4,215.0
65,15.5,125.4,126.5
66,138.8,92.1,92.6
67,39.3,88.3,88.7
68,13.7,112.8,113.4
69,49.6,137.1,137.9
70,55.4,156.6,252.5
71,143.6,157.5,248.9
72,111.4,119.1,208.7
73,158.0,143.6,233.8
74,10.3,146.7,237.6
75,155.1,87.8,88.5
76,11.0,90.5,91.1
77,24.3,85.7,86.2
78,51.8,113.2,114.0
79,11.1,90.8,91.3
80,158.1,166.7,257.1
81,81.1,173.2,265.0
82,19.7,135.2,224.3
83,155.2,131.9,220.4
84,157.4,159.1,259.3
85,148.0,97.8,98.3
86,11.5,84.5,84.9
87,151.6,117.0,117.7
88,249.9,100.6,101.2
89,163.1,101.0,101.5
90,151.6,123.6,216.1
91,11.3,131.3,226.2
92,53.7,174.8,266.6
93,10.7,118.2,207.3
94,129.5,228.0,274.2
95,190.1,139.5,139.8
96,24.1,92.1,92.5
97,189.2,163.8,164.0
98,48.0,79.8,80.0
99,120.1,276.7,276.9
100,12.6,110.4,181.9
101,45.8,102.4,111.4
102,13.5,294.2,346.0
103,136.8,205.6,262.8
104,132.0,70.4,77.7
105,17.8,226.6,226.8
106,268.0,211.1,211.2
107,17.4,98.1,98.2
108,12.9,70.1,70.3
109,70.9,162.1,162.4
110,87.9,355.9,399.1
111,126.3,91.5,126.5
112,122.6,114.2,150.5
113,138.1,128.5,229.2
114,148.0,157.0,251.6
115,19.9,130.9,131.5
116,122.5,108.1,108.8
117,54.3,83.5,84.0
118,52.7,139.1,139.7
119,123.3,131.1,131.8
120,182.5,163.1,257.3
121,21.8,129.9,231.2
122,17.8,120.3,205.0
123,17.5,124.9,222.0
124,15.7,110.7,194.8
125,28.4,78.8,79.3
126,25.9,93.8,94.4
127,17.6,248.6,249.1
128,20.5,75.5,75.9
129,19.3,75.8,76.2
130,15.6,108.8,192.4
131,15.3,106.0,189.0
132,52.3,207.4,290.5
133,53.0,102.8,185.0
134,58.2,102.8,185.2
135,26.6,85.3,85.7
136,43.8,79.3,79.8
137,37.7,146.8,147.9
138,29.7,134.9,135.5
139,77.1,135.6,136.3
140,60.7,158.2,252.9
141,53.5,125.2,232.4
142,122.9,146.6,240.3
143,24.9,244.4,337.6
144,77.9,247.2,340.6
145,56.4,136.0,136.7
146,37.6,125.5,126.1
147,33.0,189.3,190.0
148,31.4,75.9,76.5
149,35.9,147.1,147.9
150,36.9,436.3,557.2
151,31.2,189.7,214.5
152,30.4,193.4,322.5
153,35.3,244.8,371.6
154,32.0,93.5,112.9
155,34.7,97.6,98.0
156,38.0,179.1,180.4
157,62.4,139.5,140.5
158,43.4,130.1,130.8
159,54.3,86.6,87.2
160,48.1,118.5,210.2
161,43.4,71.6,155.8
162,36.8,67.7,161.2
163,33.0,99.8,188.8
164,38.7,102.5,187.0
165,55.5,66.0,66.5
166,33.9,69.4,70.0
167,31.7,110.1,110.6
168,38.5,258.8,259.2
169,36.2,70.4,71.0
170,31.9,77.6,164.0
171,34.0,72.3,156.8
172,29.1,202.1,296.1
173,28.6,116.9,200.5
174,36.5,80.0,165.3
175,269.1,61.7,62.2
176,31.0,296.3,296.8
177,100.4,99.5,100.5
178,172.6,74.8,75.4
179,28.9,57.2,57.6
180,247.4,79.1,164.0
181,37.6,67.2,149.9
182,28.9,82.3,169.1
183,33.8,247.6,342.2
184,46.4,118.4,216.5
185,42.4,69.2,69.8
186,277.4,116.5,117.1
187,253.6,58.5,58.9
188,44.7,57.2,57.6
189,88.0,480.5,481.0
190,185.7,91.5,176.1
191,254.2,66.3,148.6
192,196.0,128.4,210.5
193,35.1,71.0,153.9
194,60.1,111.8,194.4
195,29.0,71.1,71.7
196,28.4,78.5,78.9
197,248.5,71.1,71.7
198,263.7,267.5,267.9
199,29.9,63.2,63.7
200,33.4,77.4,196.7
201,223.8,56.1,73.4
202,33.5,203.2,319.8
203,31.3,71.6,198.2
204,187.8,76.9,96.4
205,177.0,80.3,80.8
206,29.5,57.3,57.7
207,213.2,59.8,60.2
208,32.1,270.8,271.2
209,69.5,66.2,66.6
210,295.8,73.5,158.0
211,42.2,151.7,234.8
212,45.7,93.2,174.6
213,237.9,78.4,288.9
214,254.7,189.2,233.5
215,29.7,67.8,68.3
216,28.8,39.9,40.2
217,50.4,73.0,73.2
218,92.6,53.2,53.5
219,98.0,54.6,54.9
220,214.8,86.7,124.8
221,231.9,86.6,123.2
222,88.2,76.9,115.0
223,27.8,80.0,117.8
224,33.7,44.6,81.1
225,189.6,265.7,265.9
226,37.5,31.7,31.9
227,98.3,53.3,53.4
228,70.4,45.1,45.2
229,189.2,35.4,35.5
230,33.0,59.1,96.1
231,28.4,62.2,100.4
232,134.6,52.7,95.8
233,248.4,63.7,114.3
234,28.2,129.3,167.9
235,52.5,248.0,248.1
236,44.0,44.9,45.0
237,37.4,144.7,145.6
238,37.6,141.5,142.4
239,38.1,94.6,95.8
240,184.4,142.4,237.4
241,36.7,142.6,238.4
242,56.3,91.8,184.8
243,36.4,245.1,329.7
244,111.1,73.6,157.4
245,181.8,193.5,193.9
246,39.1,62.7,63.1
247,252.8,72.5,73.1
248,55.1,285.0,285.5
249,114.4,57.0,57.5
250,90.3,120.8,237.7
251,186.0,57.2,74.7
252,19.5,76.7,194.6
253,119.1,108.3,222.7
254,72.0,256.1,274.0
255,18.7,58.8,59.3
256,164.5,235.9,236.3
257,36.5,53.5,53.9
258,149.7,181.5,182.0
259,47.0,64.7,65.1
260,13.4,82.5,168.7
261,158.5,76.6,159.1
262,28.8,108.2,207.3
263,70.8,204.2,297.8
264,13.8,87.9,179.7
265,164.0,64.2,64.7
266,160.7,135.6,136.3
267,17.7,128.4,129.1
268,159.9,127.2,127.8
269,204.2,75.7,76.4
270,35.8,85.4,174.9
271,19.7,76.6,168.8
272,18.0,211.9,296.0
273,23.6,69.9,153.1
274,39.2,71.2,154.1
275,19.2,196.6,197.3
276,24.5,132.4,133.4
277,22.7,136.0,136.2
278,20.9,309.4,309.6
279,13.6,90.1,90.2
280,20.4,130.4,168.8
281,106.6,49.6,85.3
282,12.0,43.7,80.3
283,143.3,61.8,97.8
284,10.3,49.8,99.6
285,12.5,122.1,122.4
286,17.7,272.0,272.2
287,27.7,35.3,35.4
288,96.8,44.1,44.4
289,34.2,72.6,72.8
290,40.9,67.1,103.2
291,16.4,46.4,82.8
292,43.6,102.3,137.5
293,140.4,290.2,325.6
294,10.8,209.7,248.2
295,152.8,35.0,35.2
296,17.1,120.4,120.6
297,37.4,292.5,292.8
298,163.5,326.1,326.2
299,149.6,37.8,37.9
300,58.7,73.9,126.5
301,204.0,103.7,112.2
302,138.8,65.0,140.0
303,10.8,156.2,213.9
304,14.7,146.6,154.3
305,70.3,45.2,45.4
306,159.1,43.6,43.8
307,179.8,70.9,71.1
308,24.9,88.7,88.8
309,45.7,59.5,59.6
310,62.6,46.7,83.2
311,53.8,330.4,369.7
312,145.7,87.1,123.3
313,12.8,98.5,134.5
314,57.8,49.4,86.4
315,23.8,42.6,42.9
316,37.0,61.6,61.9
317,219.3,65.5,65.8
318,67.2,163.8,164.0
319,161.5,32.8,33.0
320,17.9,49.8,93.2
321,144.7,60.7,97.2
322,11.3,72.0,112.5
323,58.8,55.9,92.1
324,125.5,46.6,83.0
325,29.1,38.6,38.9
326,53.8,49.8,50.1
327,24.7,34.4,34.6
328,147.6,31.9,32.0
329,212.2,88.2,88.3
330,14.5,55.7,97.4
331,18.0,244.9,288.2
332,39.9,232.7,269.1
333,106.9,148.2,185.0
334,184.9,171.4,207.4
335,266.1,91.3,91.6
336,184.7,155.4,155.5
337,69.2,139.5,139.7
338,143.9,354.3,354.4
339,12.2,157.5,157.8
340,152.5,351.0,387.7
341,29.8,248.1,284.7
342,180.1,171.7,207.2
343,11.2,116.1,189.2
344,20.1,347.7,385.2
345,14.5,92.4,92.8
346,12.2,91.9,92.1
347,135.9,86.2,86.3
348,10.8,197.4,197.6
349,10.7,261.3,261.4
350,67.8,105.4,156.3
351,11.6,102.2,109.2
352,133.2,192.0,259.4
353,246.6,368.6,419.8
354,54.2,71.5,79.0
355,181.8,120.5,120.7
356,46.7,85.4,85.5
357,11.3,125.1,125.2
358,11.7,450.4,451.6
359,50.0,79.7,80.6
360,38.2,95.9,136.9
361,16.4,80.4,117.1
362,135.3,353.6,392.4
363,13.5,143.4,184.8
364,42.6,106.9,144.0
365,191.0,66.0,66.2
366,11.8,175.5,175.7
367,143.3,236.5,236.7
368,61.7,55.2,55.4
369,65.0,176.0,176.1
370,28.1,175.5,212.6
371,45.1,316.2,358.3
372,122.5,85.7,126.2
373,22.8,56.5,93.8
374,193.1,61.9,98.1
375,43.5,40.0,40.1
376,15.3,188.0,188.2
377,114.8,313.0,313.2
378,65.7,59.1,59.5
379,142.2,46.2,46.4
380,28.9,53.9,91.7
381,144.4,71.7,107.6
382,14.8,64.1,100.6
383,21.9,70.6,109.7
384,50.9,94.5,130.6
385,31.3,315.6,315.7
386,13.7,59.9,60.5
387,77.6,58.8,59.2
388,58.4,243.5,244.4
389,49.0,166.2,166.8
390,314.5,277.7,373.8
391,192.2,122.1,210.3
392,50.8,145.3,239.6
393,50.2,130.3,223.4
394,49.5,91.3,185.6
395,50.6,60.4,60.9
396,53.3,63.0,63.4
397,49.4,65.6,66.0
398,92.2,189.8,190.3
399,49.8,61.6,62.1
400,49.5,86.5,205.2
401,134.8,72.9,91.1
402,203.1,290.4,407.4
403,127.0,73.5,188.4
404,51.1,65.0,82.3
405,134.9,66.3,66.8
406,165.2,93.6,94.0
407,53.1,54.5,55.0
408,49.0,281.6,282.0
409,48.5,99.6,100.0
410,50.9,171.6,256.9
411,219.9,170.3,270.5
412,183.4,177.3,276.7
413,49.5,149.6,269.6
414,49.7,247.4,335.2
415,215.9,90.2,90.8
416,88.7,174.0,174.5
417,49.1,223.2,223.8
418,55.0,79.8,80.2
419,210.7,77.1,77.5
420,53.3,121.5,205.5
421,174.6,103.3,186.4
422,50.2,107.4,190.6
423,50.9,226.7,308.6
424,51.9,107.8,189.4
425,50.2,207.1,207.5
426,187.4,112.1,112.5
427,50.3,100.9,101.5
428,74.5,72.4,72.8
429,72.6,211.1,211.6
430,74.0,104.6,190.8
431,85.2,116.2,198.0
432,60.7,108.8,202.2
433,103.0,104.9,186.6
434,49.7,106.9,188.8
435,47.4,82.1,82.6
436,279.9,281.5,281.9
437,273.9,82.2,82.8
438,48.2,77.1,77.5
439,37.7,71.6,72.0
440,145.1,108.3,191.6
441,36.6,232.3,314.0
442,37.2,103.1,185.4
443,36.3,100.6,184.0
444,37.1,105.6,188.6
445,24.1,73.1,73.5
446,23.3,84.9,85.3
447,166.5,229.3,229.7
448,15.3,79.3,79.7
449,145.3,74.1,74.5
450,20.6,244.9,365.9
451,56.6,180.0,197.5
452,51.8,113.0,227.8
453,56.1,116.5,231.6
454,55.1,84.3,101.6
455,50.9,78.6,79.0
456,60.5,79.4,79.9
457,62.9,143.1,143.5
458,64.7,79.7,80.1
459,57.7,231.9,232.3
460,79.5,104.5,187.4
461,79.5,99.7,182.8
462,63.9,103.1,185.7
463,59.1,175.7,258.2
464,52.1,199.8,286.0
465,58.9,79.7,80.1
466,45.9,75.0,75.6
467,40.0,75.9,76.3
468,44.4,75.9,76.4
469,112.7,94.9,95.3
470,75.5,240.0,446.6
471,33.2,141.9,182.4
472,60.7,176.0,222.0
473,57.0,96.9,133.1
474,55.2,161.2,213.3
475,79.0,111.5,111.7
476,65.8,78.5,78.6
477,63.1,116.9,117.1
478,92.2,319.5,319.6
479,48.2,63.8,64.0
480,59.5,146.3,205.7
481,59.2,105.3,142.0
482,56.6,128.6,165.5
483,84.5,289.6,326.2
484,57.7,80.9,120.8
485,56.5,106.9,107.1
486,52.8,139.1,139.3
487,42.2,323.5,323.6
488,47.4,63.6,64.0
489,46.5,252.9,253.0
490,36.2,122.3,159.8
491,38.5,111.4,147.7
492,46.4,93.4,132.7
493,60.8,182.8,223.1
494,36.9,223.8,262.0
495,35.1,125.7,127.1
496,56.6,211.3,212.3
497,42.2,241.6,243.4
498,54.8,242.5,243.2
499,66.8,114.8,115.3
500,65.3,222.2,350.8
501,55.6,83.5,101.6
502,90.3,182.2,353.5
503,88.0,136.0,273.9
504,169.6,92.8,110.0
505,160.4,159.3,160.0
506,52.4,348.2,349.1
507,51.8,290.5,291.7
508,50.2,158.6,159.3
509,206.6,123.2,123.9
510,48.5,122.7,231.2
511,48.7,211.8,295.8
512,49.7,183.9,267.6
513,204.5,195.9,318.7
514,52.9,226.1,314.2
515,49.5,105.3,105.8
516,50.1,170.8,171.3
517,156.0,81.0,81.5
518,56.5,68.1,68.6
519,88.1,88.2,88.6
520,80.8,76.3,165.9
521,124.9,90.7,186.8
522,81.3,129.1,217.2
523,98.3,75.6,160.2
524,133.7,67.2,151.8
525,54.6,58.5,59.0
526,50.7,63.0,63.5
527,137.1,275.1,275.6
528,136.6,253.8,254.3
529,112.2,58.8,59.2
530,84.6,75.7,159.1
531,83.8,97.2,184.7
532,100.8,219.3,375.7
533,83.1,143.3,191.2
534,263.6,154.8,199.7
535,85.1,70.4,70.7
536,108.0,41.8,42.0
537,81.1,135.1,135.2
538,86.8,30.6,30.7
539,117.8,203.1,203.2
540,85.2,100.9,138.1
541,86.1,53.6,89.2
542,84.2,121.0,156.1
543,130.9,289.8,327.0
544,85.0,63.4,117.6
545,83.6,37.7,37.9
546,87.5,166.0,166.2
547,116.4,224.9,225.1
548,20.4,365.6,365.8
549,164.7,46.6,46.8
550,26.7,80.1,134.3
551,165.1,39.6,47.2
552,149.7,543.8,595.8
553,13.0,117.7,169.5
554,133.8,42.5,50.3
555,22.4,104.4,104.8
556,33.9,294.4,294.5
557,13.1,34.3,34.4
558,57.0,191.5,191.6
559,115.0,91.1,91.2
560,64.4,66.7,104.0
561,152.8,106.9,168.4
562,56.0,238.0,275.1
563,57.4,65.1,103.5
564,56.9,68.9,105.2
565,116.6,44.1,44.3
566,57.6,98.0,98.2
567,57.5,290.4,290.5
568,58.5,264.5,264.7
569,133.6,35.6,35.8
570,181.1,97.3,135.2
571,58.2,64.5,102.6
572,58.0,291.7,338.8
573,72.3,549.5,585.3
574,58.1,213.0,247.7
575,186.3,352.1,352.5
576,57.4,118.0,118.4
577,60.7,358.7,358.9
578,57.9,219.6,220.6
579,57.9,184.7,185.6
580,120.7,141.8,234.8
581,125.4,217.3,311.8
582,58.9,217.0,309.6
583,59.5,176.3,271.0
584,62.8,200.1,283.0
585,119.3,118.3,118.7
586,39.6,88.0,88.5
587,59.6,82.4,82.9
588,150.9,277.3,277.7
589,62.2,75.6,76.1
590,59.9,141.9,233.6
591,58.9,240.3,323.3
592,36.7,117.1,237.1
593,156.2,101.1,138.8
594,60.7,81.9,120.5
595,53.4,220.7,220.9
596,49.7,95.1,95.4
597,58.0,69.4,69.5
598,168.5,210.2,210.3
599,60.4,101.0,101.1
600,59.1,200.9,326.4
601,61.8,161.3,184.4
602,68.2,195.6,324.8
603,128.8,184.8,316.7
604,162.1,114.1,132.9
605,228.8,90.7,91.2
606,37.5,78.6,79.0
607,39.0,86.5,86.9
608,60.1,93.3,93.7
609,51.4,81.8,82.2
610,66.3,105.8,195.3
611,152.0,111.6,195.1
612,68.6,105.1,187.7
613,78.8,117.0,199.9
614,91.5,99.6,182.6
615,101.8,109.1,109.6
616,93.7,75.0,75.5
617,102.3,99.0,99.6
618,151.3,85.0,85.5
619,188.0,75.8,76.2
620,59.3,160.3,249.0
621,138.3,211.7,293.1
622,117.7,102.9,184.2
623,234.6,196.6,278.5
624,191.8,123.4,206.3
625,38.4,148.8,149.2
626,37.3,60.6,61.0
627,77.7,76.5,76.9
628,164.9,270.8,271.2
629,149.1,76.4,76.8
630,46.0,71.2,155.5
631,59.3,129.3,210.4
632,16.3,66.2,147.6
633,141.5,182.4,264.1
634,56.9,210.6,291.9
635,15.7,88.9,89.4
636,158.7,77.7,78.3
637,174.2,57.0,57.4
638,140.2,288.2,288.6
639,11.1,130.3,130.9
640,245.5,156.2,250.2
641,41.6,88.4,180.8
642,20.2,132.0,224.2
643,92.5,171.5,265.0
644,42.7,97.7,185.2
645,38.6,130.8,131.4
646,89.9,128.7,129.4
647,14.0,152.3,153.0
648,113.6,66.9,67.5
649,11.1,191.2,191.6
650,185.1,78.7,205.5
651,14.5,77.0,96.3
652,153.5,73.2,191.7
653,14.5,91.6,213.4
654,48.4,78.4,96.1
655,64.3,103.8,104.3
656,154.4,328.7,329.4
657,60.7,52.3,52.6
658,143.3,65.4,65.6
659,27.5,213.6,213.8
660,222.7,102.6,142.2
661,47.7,199.8,236.5
662,86.7,165.8,200.6
663,136.8,181.0,217.1
664,10.6,324.3,358.9
665,46.4,173.0,173.4
666,148.6,177.6,177.9
667,163.6,153.9,154.1
668,18.5,352.3,352.4
669,104.0,197.9,198.0
670,23.4,138.7,174.2
671,53.1,134.5,168.5
672,137.9,143.9,183.8
673,11.9,192.7,227.6
674,62.3,94.7,137.4
675,36.3,295.9,296.0
676,56.8,138.3,138.4
677,160.0,296.6,296.7
678,121.6,87.9,88.0
679,12.8,83.9,84.0
680,16.0,322.8,374.3
681,48.6,251.2,288.1
682,141.2,137.8,220.8
683,39.4,272.8,312.3
684,139.5,276.8,313.6
685,176.8,41.7,41.9
686,143.1,46.9,47.1
687,22.9,50.6,50.8
688,19.8,266.5,266.6
689,58.4,38.6,38.7
690,66.4,270.7,308.0
691,101.8,58.4,95.9
692,44.5,49.3,85.0
693,175.7,323.0,359.3
694,100.4,264.0,300.7
695,156.7,33.4,33.6
696,45.3,52.3,52.5
697,20.4,53.0,53.1
698,57.2,45.9,46.1
699,150.7,45.4,45.6
700,154.8,90.4,147.9
701,165.4,126.6,134.2
702,10.9,256.3,307.7
703,132.6,80.7,138.6
704,18.7,122.7,131.4
705,13.0,42.8,42.9
706,49.0,120.2,120.3
707,46.1,57.0,57.1
708,160.6,34.9,35.0
709,14.5,83.4,83.5
710,154.1,74.8,117.0
711,168.9,52.4,89.2
712,11.2,49.6,85.7
713,11.0,107.5,143.7
714,10.8,121.5,157.3
715,100.9,225.3,225.5
716,41.8,108.4,108.5
717,124.4,128.6,128.7
718,158.3,73.0,73.2
719,89.5,238.6,238.9
720,172.0,301.0,338.0
721,11.7,49.3,85.5
722,139.3,71.1,107.4
723,61.9,67.2,102.3
724,130.0,56.6,92.9
725,150.5,256.5,256.7
726,263.7,43.1,43.3
727,160.2,103.7,104.1
728,11.5,95.1,95.3
729,10.9,109.9,110.2
730,33.6,54.4,90.8
731,142.8,283.2,323.2
732,139.4,79.1,114.2
733,47.1,67.6,103.2
734,206.1,58.7,95.6
735,20.7,84.3,84.4
736,56.6,267.0,267.2
737,37.7,53.3,53.6
738,46.4,38.2,38.4
739,119.0,65.9,66.0
740,68.6,82.2,118.1
741,40.4,151.7,188.3
742,123.1,144.9,181.2
743,170.2,210.2,246.3
744,18.8,200.6,237.0
745,13.0,75.6,75.9
746,11.5,100.1,100.4
747,10.9,319.2,319.4
748,123.5,58.2,58.3
749,53.4,170.8,170.9
750,151.0,133.9,186.0
751,145.9,63.7,70.9
752,105.5,284.7,336.3
753,157.3,120.9,172.0
754,10.5,63.7,70.9
755,18.0,88.2,88.6
756,108.2,135.6,135.8
757,57.7,94.5,94.6
758,86.4,248.0,248.2
759,11.2,52.4,52.6
760,153.1,97.6,132.6
761,142.6,105.4,142.6
762,155.3,103.6,137.6
763,146.0,384.2,421.1
764,46.1,174.7,213.6
765,37.9,138.7,138.9
766,61.2,146.4,147.3
767,220.7,222.9,223.1
768,59.1,143.4,148.1
769,58.7,167.5,167.8
770,60.7,106.4,141.9
771,124.2,392.5,428.2
772,62.2,183.7,220.4
773,78.5,232.7,266.7
774,60.0,221.6,260.0
775,59.4,60.9,61.2
776,60.1,57.5,57.6
777,73.0,90.3,90.6
778,137.5,122.8,123.0
779,60.9,117.9,118.1
780,148.8,366.7,406.9
781,60.4,89.6,124.0
782,60.2,97.2,135.3
783,150.7,100.7,135.2
784,60.4,163.5,199.5
785,60.7,163.7,163.9
786,74.2,149.5,149.8
787,173.6,125.3,125.5
788,66.7,271.5,271.6
789,60.5,160.2,160.3
790,65.2,141.9,179.7
791,57.8,240.0,280.4
792,59.8,477.3,510.3
793,59.1,189.3,230.6
794,60.4,103.2,162.0
795,70.8,337.9,338.7
796,149.1,142.9,143.5
797,62.1,71.8,72.1
798,67.5,125.8,126.1
799,61.0,171.6,171.8
800,135.2,99.8,151.6
801,163.7,91.9,99.1
802,49.5,115.5,166.5
803,71.9,207.8,258.6
804,70.2,188.4,196.8
805,54.8,86.1,86.2
806,65.7,166.6,166.8
807,66.5,168.2,168.6
808,46.8,374.3,374.5
809,166.4,148.5,148.7
810,62.2,197.9,235.6
811,176.6,99.3,139.0
812,166.0,132.9,169.3
813,73.4,79.4,117.8
814,78.1,104.1,144.6
815,101.3,85.4,85.9
816,94.5,87.3,87.5
817,93.1,282.8,283.0
818,101.5,215.5,215.6
819,98.3,75.2,75.3
820,139.2,153.1,192.7
821,114.9,382.0,420.7
822,183.3,95.4,132.5
823,108.1,120.9,154.7
824,133.7,116.1,156.9
825,123.6,136.0,136.2
826,130.0,88.6,89.1
827,95.2,57.6,57.8
828,94.8,57.9,58.0
829,111.3,62.2,62.5
830,93.7,233.1,271.8
831,96.1,92.4,129.8
832,97.8,319.5,357.5
833,98.6,113.2,146.8
834,89.5,282.7,322.4
835,89.6,382.8,383.2
836,145.5,99.2,99.8
837,145.6,70.8,71.6
838,90.3,81.8,81.9
839,89.9,113.0,113.3
840,121.6,201.7,248.0
841,90.2,164.2,204.7
842,91.1,170.9,207.6
843,214.6,187.5,230.8
844,146.1,91.2,126.3
845,84.0,78.6,78.8
846,42.4,69.3,69.6
847,146.4,70.9,71.1
848,86.7,72.8,73.0
849,87.5,271.3,271.5
850,85.5,167.6,236.4
851,188.0,201.5,209.2
852,85.2,347.7,397.1
853,113.3,205.0,252.9
854,321.3,134.4,145.3
855,87.9,125.0,125.3
856,85.9,111.5,111.9
857,123.1,118.9,119.2
858,129.0,217.1,217.3
859,85.2,575.1,575.3
860,83.8,322.0,360.9
861,83.8,155.8,190.5
862,167.3,270.1,307.7
863,83.8,119.2,156.3
864,83.5,83.6,121.8
865,86.3,157.8,158.0
866,84.8,248.1,248.3
867,92.7,64.1,64.3
868,151.8,123.2,123.3
869,90.9,53.4,53.5
870,84.1,96.6,131.6
871,79.4,258.7,318.4
872,83.8,89.9,132.4
873,118.4,315.5,352.1
874,84.2,80.3,116.5
875,86.9,307.7,308.0
876,84.7,117.1,117.2
877,178.0,89.6,90.0
878,87.7,63.3,63.6
879,85.6,57.3,57.4
880,246.6,186.8,221.9
881,127.8,257.2,293.3
882,83.1,563.7,598.2
883,85.1,228.3,266.0
884,175.8,172.8,207.0
885,57.8,166.3,166.5
886,94.6,108.2,108.3
887,78.8,327.1,327.3
888,143.1,257.3,257.5
889,87.5,69.9,70.2
890,137.7,123.2,161.5
891,69.1,119.9,156.4
892,115.2,220.9,282.3
893,81.1,83.4,120.7
894,78.9,131.1,164.8
895,82.9,99.2,99.4
896,126.8,102.8,102.9
897,102.9,86.4,86.5
898,54.0,71.1,71.5
899,119.3,180.5,180.6
900,143.7,164.8,214.0
901,79.0,84.3,91.5
902,79.7,117.1,164.3
903,80.7,269.8,317.7
904,119.6,77.3,85.6
905,84.6,77.7,77.9
906,103.9,59.4,59.6
907,84.8,199.7,199.9
908,144.5,258.5,258.7
909,83.7,80.8,81.0
910,82.8,110.5,145.8
911,83.9,145.4,182.2
912,86.3,365.7,405.9
913,88.9,92.4,131.7
914,88.6,91.6,128.2
915,159.1,60.9,61.1
916,153.4,82.3,83.2
917,86.6,106.9,108.0
918,88.3,90.3,90.8
919,191.6,74.0,74.3
920,127.1,92.1,134.3
921,83.0,134.1,236.5
922,37.9,220.0,312.4
923,81.8,175.0,259.8
924,125.9,85.5,170.4
925,76.4,99.5,100.2
926,82.0,64.2,64.7
927,84.1,57.1,57.5
928,86.2,62.9,63.4
929,102.4,152.7,153.1
930,90.8,295.2,378.5
931,48.0,88.1,176.0
932,101.8,66.5,151.2
933,131.4,64.2,147.5
934,87.4,208.6,291.5
935,88.8,58.0,58.5
936,159.4,85.3,85.8
937,159.5,71.8,72.2
938,90.2,79.7,80.1
939,122.6,61.7,62.1
940,92.3,273.7,357.9
941,148.3,165.9,248.7
942,87.7,65.3,148.6
943,177.2,210.9,298.5
944,50.2,66.8,149.3
945,86.7,90.4,91.1
946,90.9,58.6,59.0
947,91.4,61.1,61.6
948,151.2,55.8,56.2
949,91.1,141.8,142.3
950,89.5,93.4,216.8
951,51.6,63.0,81.3
952,171.0,84.0,201.3
953,159.0,120.8,239.2
954,191.4,150.3,167.9
955,82.7,64.8,65.2
956,83.7,238.8,239.2
957,84.4,67.0,67.4
958,84.8,210.0,210.4
959,174.2,76.2,78.1
960,100.6,334.1,430.9
961,85.7,131.3,226.7
962,117.5,85.0,174.7
963,87.4,94.2,179.0
964,86.0,73.0,156.9
965,98.3,65.3,65.8
966,82.7,72.1,72.6
967,173.3,273.2,273.6
968,152.5,59.6,60.0
969,84.5,199.8,200.2
970,166.9,66.4,150.8
971,153.7,147.8,231.0
972,83.5,122.8,229.0
973,148.1,235.1,331.3
974,97.6,87.0,179.4
975,133.8,65.8,66.3
976,84.0,155.8,156.5
977,88.4,124.1,124.8
978,82.0,76.6,77.2
979,95.8,74.7,75.3
980,86.5,123.7,215.2
981,87.4,86.1,176.6
982,89.5,229.4,315.6
983,145.0,64.3,149.7
984,150.9,63.8,147.5
985,89.8,61.9,62.4
986,88.9,72.2,73.1
987,177.5,185.4,185.8
988,154.9,99.9,100.3
989,91.2,265.9,266.3
990,176.1,85.6,170.4
991,81.9,70.5,154.1
992,84.3,68.6,153.1
993,178.7,68.9,154.3
994,137.2,104.3,191.6
995,89.9,81.1,81.6
996,85.8,57.3,57.7
997,86.5,97.7,98.3
998,134.6,101.5,102.1
999,87.6,61.3,61.7
1000,66.2,153.1,280.8
1001,242.8,73.0,91.0
1002,133.6,281.7,477.3
1003,80.2,192.0,319.6
1004,56.3,97.5,122.6
1005,73.6,145.3,146.0
1006,50.1,133.4,134.0
1007,100.0,138.7,139.5
1008,86.4,68.6,69.1
1009,56.7,87.8,88.5
1010,86.5,253.3,340.8
1011,80.0,72.1,155.0
1012,80.7,89.7,171.9
1013,97.1,271.3,355.8
1014,134.5,89.8,175.2
1015,77.4,98.4,98.8
1016,96.3,188.2,188.7
1017,103.7,87.6,88.0
1018,104.8,90.2,90.6
1019,51.8,93.9,94.3
1020,98.0,122.5,209.6
1021,82.9,116.5,199.2
1022,64.2,219.7,301.9
1023,168.0,197.1,280.6
1024,53.4,73.1,155.8
1025,39.5,55.4,55.8
1026,38.2,136.2,136.6
1027,38.3,62.1,62.6
1028,39.3,139.0,139.5
1029,19.9,60.5,60.9
1030,16.1,84.3,174.3
1031,13.2,65.2,147.4
1032,12.0,73.9,155.9
1033,11.2,64.8,151.6
1034,12.5,64.9,147.5
1035,13.5,99.6,100.0
1036,16.2,118.6,119.0
1037,45.0,279.3,279.7
1038,59.5,53.5,54.0
1039,56.9,108.4,108.8
1040,61.2,187.3,270.8
1041,58.7,71.6,153.1
1042,64.2,86.8,169.1
1043,58.4,124.8,208.1
1044,59.3,80.5,162.6
1045,58.3,136.0,136.7
1046,58.7,91.1,91.7
1047,61.4,89.3,90.0
1048,59.3,232.9,233.4
1049,53.2,127.7,128.4
1050,58.1,144.2,272.0
1051,50.0,75.7,95.4
1052,77.3,200.2,324.7
1053,68.2,70.0,188.0
1054,48.9,72.8,90.8
1055,59.4,135.5,136.4
1056,58.9,130.3,131.0
1057,64.9,127.2,127.9
1058,58.5,123.9,124.5
1059,59.1,106.6,107.3
1060,59.0,97.6,197.9
1061,58.7,175.3,270.0
1062,58.2,132.4,226.6
1063,58.7,75.9,160.4
1064,51.3,222.4,307.0
1065,62.5,171.6,172.1
1066,68.6,86.8,87.3
1067,66.5,281.1,281.5
1068,55.8,94.0,94.4
1069,36.3,209.5,209.9
1070,34.5,117.9,201.9
1071,30.8,70.3,154.4
1072,113.8,69.2,151.1
1073,210.0,67.8,106.9
1074,254.3,104.7,140.6
1075,34.5,39.0,39.2
1076,41.4,80.0,80.1
1077,31.0,44.9,45.1
1078,56.0,63.5,63.7
1079,58.7,81.4,81.6
1080,191.2,55.7,93.2
1081,181.5,148.7,184.1
1082,75.8,50.6,86.6
1083,75.4,54.6,90.4
1084,57.9,45.8,81.7
1085,151.0,42.4,42.5
1086,37.3,282.9,283.1
1087,37.6,41.0,41.3
1088,37.4,305.5,305.7
1089,37.9,62.3,62.5
1090,123.1,63.6,100.2
1091,152.3,93.3,129.6
1092,39.2,132.7,168.2
1093,51.7,336.8,373.1
1094,18.5,46.0,80.8
1095,64.5,58.6,58.7
1096,159.8,41.6,41.9
1097,12.2,49.6,49.9
1098,15.0,35.6,35.7
1099,169.6,285.7,285.8
1100,156.3,532.0,660.8
1101,18.7,107.4,129.9
1102,10.9,138.0,267.4
1103,98.2,139.8,269.1
1104,103.4,97.3,118.0
1105,50.7,307.9,308.6
1106,181.6,83.3,84.0
1107,29.1,61.4,61.9
1108,16.4,118.4,118.8
1109,77.4,168.7,169.3
1110,46.9,90.9,176.8
1111,107.8,79.3,162.6
1112,65.4,66.2,147.8
1113,103.6,132.2,221.9
1114,58.4,78.5,164.3
1115,68.2,61.9,62.3
1116,56.9,132.4,132.8
1117,62.1,77.0,77.5
1118,57.8,333.5,334.1
1119,58.0,265.7,266.1
1120,173.7,69.3,153.2
1121,54.6,103.8,191.4
1122,61.2,78.4,165.7
1123,80.4,217.7,302.3
1124,58.3,95.9,179.7
1125,59.1,57.8,58.2
1126,58.3,83.0,83.9
1127,116.1,334.5,335.1
1128,218.7,127.6,128.4
1129,68.9,122.5,123.3
1130,17.7,177.8,271.1
1131,200.9,83.3,166.9
1132,199.9,207.9,301.1
1133,148.6,87.1,180.5
1134,66.3,188.9,276.8
1135,12.4,58.9,59.4
1136,45.1,183.5,183.9
1137,14.8,61.5,62.1
1138,14.0,199.8,200.2
1139,142.5,65.5,66.0
1140,27.5,147.9,188.6
1141,58.6,50.1,86.4
1142,11.3,46.1,83.0
1143,164.6,47.6,84.4
1144,12.6,53.2,91.2
1145,12.4,387.8,388.7
1146,150.9,223.9,224.6
1147,51.2,81.2,81.9
1148,51.6,74.5,75.0
1149,158.1,190.9,191.7
1150,25.9,144.4,274.5
1151,13.4,146.1,168.5
1152,60.0,142.1,269.4
1153,163.9,94.9,221.6
1154,11.1,79.6,101.7
1155,15.9,60.4,60.9
1156,154.3,72.6,73.1
1157,14.1,159.7,160.4
1158,11.1,130.0,130.8
1159,17.3,130.4,131.2
1160,89.0,255.7,489.1
1161,178.1,60.6,100.3
1162,152.5,63.4,101.2
1163,168.6,212.6,250.8
1164,11.2,64.9,104.7
1165,127.2,219.0,219.2
1166,12.9,42.0,42.1
1167,140.1,155.5,155.6
1168,208.6,243.1,243.2
1169,26.1,143.4,144.3
1170,54.4,179.1,272.8
1171,54.2,111.8,205.1
1172,152.8,152.1,246.9
1173,48.6,142.0,237.2
1174,46.4,90.3,184.8
1175,12.6,130.8,131.5
1176,75.9,133.6,134.4
1177,63.8,137.9,138.7
1178,63.4,78.7,79.4
1179,74.5,321.8,322.5
1180,64.1,148.8,242.7
1181,67.0,171.6,265.3
1182,139.7,91.2,188.9
1183,67.9,225.9,320.4
1184,67.8,88.6,182.8
1185,67.8,61.9,62.5
1186,67.7,63.9,64.4
1187,66.4,144.2,145.1
1188,68.9,219.0,219.8
1189,67.3,176.7,177.2
1190,68.6,145.7,237.9
1191,67.7,105.8,191.4
1192,176.9,67.6,152.5
1193,136.2,152.0,235.9
1194,84.4,67.5,149.7
1195,66.1,58.0,58.5
1196,86.5,65.4,65.8
1197,173.4,61.4,61.8
1198,70.3,149.2,149.7
1199,68.3,99.8,100.3
1200,67.0,77.8,194.9
1201,138.5,67.4,84.4
1202,68.7,137.0,254.9
1203,144.5,94.3,208.7
1204,155.9,83.8,102.8
1205,143.5,175.2,175.7
1206,66.0,107.0,107.4
1207,68.8,53.7,54.1
1208,67.0,53.4,53.8
1209,67.1,102.7,103.1
1210,84.1,204.8,293.5
1211,68.1,203.3,286.8
1212,67.8,82.4,166.0
1213,72.3,72.0,155.6
1214,165.1,63.3,147.1
1215,71.0,203.6,204.1
1216,68.4,88.7,89.1
1217,69.4,116.2,116.7
1218,68.2,138.7,139.3
1219,173.7,275.2,275.6
1220,131.1,164.1,250.5
1221,68.1,241.6,326.7
1222,67.4,100.7,184.8
1223,129.0,65.7,149.9
1224,150.2,74.0,158.0
1225,39.4,54.7,55.1
1226,72.2,56.7,57.3
1227,196.8,95.1,95.5
1228,119.6,284.2,284.7
1229,173.6,116.4,116.9
1230,51.7,136.8,229.7
1231,18.2,119.4,205.6
1232,144.3,133.3,226.5
1233,63.2,78.1,166.8
1234,37.5,109.8,193.3
1235,52.5,58.6,59.1
1236,108.1,52.8,53.2
1237,18.0,262.6,263.1
1238,196.8,62.9,63.3
1239,228.5,57.3,57.7
1240,181.0,70.8,154.0
1241,248.1,164.2,251.6
1242,181.1,112.2,297.8
1243,144.3,177.4,220.9
1244,10.5,74.5,111.7
1245,31.1,51.7,51.9
1246,11.4,275.5,275.6
1247,13.2,45.2,45.3
1248,87.5,75.4,75.5
1249,26.7,30.6,30.8
1250,14.5,111.6,167.7
1251,20.9,115.3,127.2
1252,141.6,281.6,333.8
1253,158.4,69.3,126.1
1254,14.7,35.3,47.2
1255,150.7,148.5,148.6
1256,31.8,43.9,44.0
1257,12.3,254.1,258.1
1258,13.5,32.9,33.0
1259,19.2,31.8,31.9
1260,126.9,74.3,113.3
1261,51.2,181.6,218.8
1262,173.9,144.8,181.4
1263,72.2,51.4,87.9
1264,139.1,270.6,307.3
1265,142.4,53.9,54.1
1266,103.4,121.7,122.4
1267,49.8,105.4,105.8
1268,20.1,140.7,140.8
1269,263.4,302.2,302.6
1270,98.0,257.9,294.5
1271,18.7,204.5,241.4
1272,149.4,273.3,310.1
1273,12.0,113.2,152.6
1274,14.4,100.2,134.0
1275,13.8,92.1,92.2
1276,13.3,74.8,75.0
1277,83.4,258.5,258.6
1278,20.3,100.1,100.5
1279,157.9,441.8,442.3
1280,51.3,159.3,197.7
1281,16.9,292.5,331.3
1282,166.3,214.3,252.2
1283,140.1,169.5,204.0
1284,11.2,163.0,201.7
1285,70.8,117.0,117.2
1286,40.1,65.9,66.1
1287,62.0,236.3,237.9
1288,24.8,106.2,106.4
1289,39.1,261.8,261.9
1290,62.4,102.4,145.4
1291,48.8,143.6,196.1
1292,53.4,97.9,137.1
1293,114.0,103.6,157.3
1294,37.7,265.2,298.8
1295,92.6,84.9,85.1
1296,154.9,175.7,175.9
1297,43.8,319.2,319.4
1298,172.4,311.8,311.9
1299,24.0,59.7,59.8
1300,40.1,145.1,192.6
1301,38.6,267.6,274.8
1302,37.2,149.1,196.4
1303,184.1,176.6,224.9
1304,80.1,220.6,229.7
1305,37.9,197.2,197.4
1306,41.1,107.7,107.8
1307,77.8,291.6,291.7
1308,40.7,75.1,75.2
1309,122.8,249.6,249.7
1310,81.3,105.5,142.7
1311,28.3,143.2,177.3
1312,87.3,104.8,144.8
1313,40.1,110.4,144.6
1314,15.6,81.9,121.4
1315,19.7,93.0,93.2
1316,19.6,93.8,93.9
1317,15.5,85.5,85.7
1318,25.2,123.4,123.5
1319,15.6,81.1,81.3
1320,36.1,97.9,134.7
1321,16.8,182.8,253.3
1322,22.2,179.1,216.6
1323,121.3,97.2,136.3
1324,128.7,366.1,405.0
1325,78.4,97.3,97.5
1326,87.8,219.9,220.1
1327,71.6,80.8,81.0
1328,146.7,74.6,74.7
1329,15.6,229.5,229.5
1330,30.9,97.1,135.9
1331,77.2,114.9,154.1
1332,52.5,130.8,170.5
1333,37.6,367.1,403.6
1334,15.7,131.7,196.8
1335,30.6,229.6,230.4
1336,16.2,79.7,79.9
1337,64.9,60.7,60.8
1338,74.4,57.6,57.8
1339,11.0,78.5,79.1
1340,553.9,201.8,250.9
1341,22.5,170.5,216.6
1342,14.7,114.1,151.4
1343,13.2,283.8,381.5
1344,57.6,242.2,337.0
1345,35.5,116.7,118.1
1346,183.1,147.1,148.4
1347,180.3,149.6,150.7
1348,179.7,96.4,97.0
1349,14.9,92.1,92.6
1350,159.2,143.0,264.3
1351,56.5,108.2,125.9
1352,21.3,146.3,266.2
1353,77.8,142.4,258.4
1354,82.3,144.1,163.6
1355,53.9,109.7,110.3
1356,20.1,134.8,135.4
1357,192.2,176.0,176.8
1358,139.8,166.1,167.6
1359,10.9,169.8,171.3
1360,81.4,234.1,332.0
1361,18.8,267.9,372.6
1362,12.2,224.6,332.8
1363,30.3,158.7,257.1
1364,30.9,183.5,298.2
1365,191.3,137.3,138.4
1366,14.3,103.7,104.2
1367,204.4,127.4,127.8
1368,12.7,124.0,124.8
1369,138.8,137.3,138.2
1370,37.1,161.4,252.2
1371,17.5,159.3,262.9
1372,11.9,186.9,287.3
1373,134.6,271.8,376.3
1374,34.0,318.6,420.9
1375,184.4,197.8,198.5
1376,16.8,126.4,126.9
1377,18.5,107.2,107.6
1378,13.1,299.3,300.1
1379,12.5,148.9,149.6
1380,93.3,145.3,242.2
1381,15.1,152.4,242.1
1382,76.7,129.1,218.1
1383,63.2,122.6,213.9
1384,49.7,240.2,329.3
1385,49.6,122.1,123.2
1386,49.9,143.3,144.0
1387,180.4,131.2,131.9
1388,50.0,230.2,230.8
1389,49.7,247.5,247.9
1390,49.6,117.7,207.2
1391,152.2,110.2,192.0
1392,50.2,233.0,337.5
1393,49.5,242.0,286.6
1394,76.0,117.4,156.1
1395,48.8,285.1,285.3
1396,49.3,176.1,176.2
1397,90.0,87.4,87.5
1398,207.9,176.9,177.2
1399,52.4,324.2,324.4
1400,57.7,98.2,148.4
1401,49.5,88.1,95.3
1402,169.5,108.4,175.9
1403,50.5,277.4,326.2
1404,54.8,74.0,81.0
1405,237.3,75.7,75.8
1406,53.3,55.0,55.2
1407,50.2,85.6,85.9
1408,52.3,57.9,58.1
1409,161.0,77.0,77.1
1410,50.4,266.1,304.4
1411,76.7,98.8,151.7
1412,215.3,112.9,152.6
1413,58.9,107.5,144.5
1414,99.0,381.5,418.2
1415,83.0,140.0,140.1
1416,52.4,98.3,98.4
1417,50.7,101.4,101.5
1418,204.9,204.9,205.0
1419,54.8,337.7,337.8
1420,50.1,85.3,120.8
1421,51.4,115.9,154.8
1422,49.7,82.5,119.6
1423,84.1,355.2,396.2
1424,50.4,91.4,128.6
1425,243.6,119.6,120.0
1426,49.6,183.9,184.1
1427,48.5,338.9,339.0
1428,59.8,151.0,151.2
1429,239.0,142.6,142.9
1430,79.4,231.6,269.7
1431,72.1,129.0,171.5
1432,204.1,367.5,403.7
1433,173.2,90.5,124.6
1434,49.2,183.4,219.1
1435,49.4,170.8,171.0
1436,126.6,351.3,351.5
1437,49.6,154.6,154.8
1438,203.9,105.4,105.6
1439,50.1,315.3,315.4
1440,73.8,112.3,149.0
1441,55.3,83.9,120.0
1442,55.7,236.8,273.0
1443,137.4,364.2,398.4
1444,56.2,160.1,194.5
1445,66.6,124.1,124.3
1446,37.4,209.0,209.2
1447,33.1,365.2,365.4
1448,50.0,151.9,152.1
1449,35.9,158.9,159.1
1450,33.2,464.2,516.4
1451,31.6,148.7,155.6
1452,29.0,284.9,333.9
1453,59.8,300.3,348.7
1454,246.3,139.3,146.6
1455,234.3,322.4,322.6
1456,90.6,281.2,281.3
1457,88.0,149.8,149.9
1458,88.4,109.2,109.4
1459,206.8,315.5,315.6
1460,86.9,189.9,226.9
1461,91.4,227.0,262.3
1462,91.9,134.2,182.7
1463,86.5,103.1,139.9
1464,75.7,249.8,287.5
1465,83.9,257.2,257.4
1466,43.4,128.9,129.1
1467,33.9,83.9,84.1
1468,121.3,342.4,342.5
1469,88.9,370.8,371.0
1470,86.0,299.9,345.1
1471,135.2,183.7,220.2
1472,88.9,117.5,153.6
1473,83.9,115.3,152.4
1474,90.8,333.9,372.6
1475,108.6,71.6,71.7
1476,109.7,223.8,223.9
1477,99.5,88.9,89.0
1478,98.2,255.2,255.3
1479,165.1,55.9,56.0
1480,99.2,86.0,121.2
1481,99.7,78.8,115.2
1482,101.4,332.5,368.9
1483,97.1,89.1,127.2
1484,183.8,306.3,339.8
1485,107.8,59.1,59.2
1486,105.5,78.1,78.3
1487,102.6,67.8,68.2
1488,115.7,114.2,114.6
1489,116.7,332.4,332.6
1490,105.0,122.6,160.2
1491,103.0,267.7,304.7
1492,118.3,491.1,527.5
1493,103.2,251.2,288.0
1494,97.9,359.6,402.5
1495,96.8,99.5,99.6
1496,162.2,86.4,86.5
1497,50.8,78.9,79.0
1498,96.1,75.6,75.7
1499,99.5,310.8,311.4
1500,45.6,70.2,133.3
1501,92.1,49.4,57.4
1502,98.0,118.8,176.4
1503,129.7,292.5,358.6
1504,93.8,46.8,54.8
1505,100.6,46.0,46.3
1506,181.9,119.2,119.4
1507,97.5,38.3,38.6
1508,96.1,63.0,63.3
1509,207.1,42.0,42.2
1510,125.2,52.3,88.7
1511,38.8,280.2,317.1
1512,79.7,65.0,101.6
1513,17.3,125.6,169.8
1514,163.1,62.1,113.5
1515,15.8,97.7,98.6
1516,191.8,97.0,97.1
1517,130.5,92.8,93.2
1518,11.7,65.3,65.5
1519,11.1,113.4,113.7
1520,14.9,281.5,329.7
1521,51.9,245.1,283.6
1522,133.4,63.2,99.6
1523,241.2,59.6,96.7
1524,192.7,88.6,123.7
1525,75.7,40.4,40.6
1526,75.4,261.6,261.9
1527,74.7,40.1,40.3
1528,162.4,186.8,188.2
1529,93.0,184.6,185.6
1530,221.6,139.8,233.1
1531,31.0,207.8,302.4
1532,165.6,179.3,271.9
1533,162.3,164.0,259.0
1534,162.7,158.4,251.2
1535,148.7,100.9,101.7
1536,17.5,90.7,91.2
1537,44.8,233.8,234.2
1538,16.7,79.9,80.4
1539,13.3,80.4,80.9
1540,32.1,127.4,214.2
1541,40.4,104.1,188.8
1542,53.8,263.6,348.3
1543,12.9,102.1,185.2
1544,139.8,107.1,189.8
1545,197.2,78.1,78.5
1546,13.5,232.7,233.1
1547,120.9,205.3,205.8
1548,11.7,74.9,75.3
1549,75.4,104.2,105.1
1550,60.0,131.6,250.0
1551,102.4,84.3,108.2
1552,204.6,480.9,613.1
1553,116.0,179.8,309.4
1554,110.2,180.6,198.3
1555,29.5,141.4,141.9
1556,81.6,144.3,144.7
1557,160.5,204.0,205.2
1558,144.6,193.7,194.7
1559,159.7,251.2,252.1
1560,20.8,181.4,270.6
1561,166.7,289.9,384.2
1562,12.0,135.4,218.4
1563,12.0,112.1,195.2
1564,10.9,113.4,204.2
1565,27.0,85.9,86.3
1566,108.5,111.4,112.0
1567,11.6,83.5,84.0
1568,138.5,77.7,78.1
1569,26.9,283.7,284.1
1570,41.0,133.6,217.3
1571,266.1,115.2,198.0
1572,13.2,114.4,197.1
1573,11.5,249.0,331.8
1574,53.3,112.2,195.5
1575,22.2,102.9,103.3
1576,13.9,78.7,79.1
1577,31.5,200.3,200.7
1578,101.2,94.1,94.6
1579,68.6,93.2,93.6
1580,171.3,192.6,285.7
1581,230.4,149.0,231.9
1582,11.7,115.0,206.1
1583,11.3,109.7,191.0
1584,34.1,117.7,200.0
1585,27.5,80.2,80.7
1586,46.7,320.5,321.0
1587,17.0,90.4,90.9
1588,68.7,160.1,160.6
1589,12.5,212.2,212.7
1590,155.2,430.0,513.4
1591,242.1,136.7,214.1
1592,27.2,246.1,285.9
1593,292.5,138.3,175.6
1594,137.0,256.9,296.7
1595,182.4,77.7,78.0
1596,12.9,59.0,59.2
1597,181.5,284.7,285.7
1598,11.5,130.9,131.6
1599,46.8,143.4,144.1
1600,60.5,170.8,298.1
1601,36.9,178.1,201.8
1602,36.7,171.9,300.7
1603,18.1,136.2,263.0
1604,163.5,85.4,103.3
1605,39.5,324.7,325.3
1606,39.8,85.5,86.0
1607,40.4,93.2,93.7
1608,121.6,84.1,84.7
1609,177.1,242.2,242.7
1610,47.5,160.8,247.5
1611,37.6,103.1,187.0
1612,39.4,104.7,187.7
1613,59.1,130.0,214.4
1614,38.6,164.7,247.9
1615,35.7,74.5,74.9
1616,18.5,286.0,286.4
1617,25.0,200.2,200.9
1618,174.6,83.4,83.9
1619,136.8,71.8,72.2
1620,154.2,101.3,183.9
1621,13.6,115.8,245.9
1622,13.1,224.8,265.1
1623,44.8,101.1,136.4
1624,11.3,294.8,328.6
1625,42.7,56.3,56.5
1626,26.7,83.6,83.8
1627,47.8,95.7,95.8
1628,17.9,63.1,63.3
1629,41.2,251.7,251.9
1630,211.5,197.1,237.8
1631,153.4,253.7,297.7
1632,12.9,144.0,228.2
1633,21.1,108.0,148.3
1634,10.7,103.7,155.5
1635,12.3,74.8,75.4
1636,47.2,92.2,92.4
1637,92.5,55.4,55.6
1638,158.9,75.7,75.8
1639,139.2,119.8,119.9
1640,185.6,92.5,134.0
1641,12.1,95.5,131.8
1642,130.5,100.1,137.0
1643,81.5,132.9,221.9
1644,12.7,187.7,276.4
1645,113.9,109.9,110.6
1646,28.1,106.9,107.4
1647,176.8,82.4,82.9
1648,102.1,106.4,107.1
1649,12.2,108.0,108.8
1650,13.2,144.4,267.3
1651,12.8,95.9,113.8
1652,142.3,186.9,307.4
1653,12.0,181.1,301.7
1654,76.6,100.2,119.0
1655,84.3,165.5,166.6
1656,19.4,127.7,128.5
1657,13.3,122.1,122.8
1658,13.2,110.7,111.5
1659,142.4,111.8,112.5
1660,34.3,214.6,317.5
1661,65.0,235.0,329.5
1662,12.6,88.0,177.8
1663,10.8,115.6,204.8
1664,124.7,84.3,172.5
1665,12.1,78.9,79.5
1666,19.5,69.7,70.2
1667,14.5,68.1,68.6
1668,12.1,77.1,77.5
1669,51.4,81.8,82.5
1670,153.1,95.6,188.2
1671,78.0,82.3,165.2
1672,12.1,154.2,241.6
1673,16.2,68.4,151.5
1674,152.4,151.9,234.6
1675,15.6,181.7,182.1
1676,211.4,351.3,352.2
1677,16.5,84.9,85.3
1678,104.8,76.5,76.7
1679,140.5,99.9,100.2
1680,51.3,275.5,313.6
1681,155.3,90.4,124.1
1682,162.4,85.8,119.4
1683,13.1,178.6,212.9
1684,60.3,278.5,315.6
1685,67.8,85.9,86.1
1686,151.1,130.5,130.7
1687,71.5,92.5,92.7
1688,127.7,169.8,170.1
1689,170.7,69.8,70.0
1690,18.9,454.5,547.4
1691,22.9,138.3,238.3
1692,12.0,175.2,268.2
1693,136.4,160.0,253.1
1694,10.2,129.9,226.7
1695,23.4,145.4,146.1
1696,92.1,168.5,169.2
1697,75.9,127.5,128.1
1698,150.8,219.0,219.5
1699,135.9,191.7,192.4
1700,67.3,145.7,270.4
1701,13.9,181.9,204.6
1702,11.5,168.5,296.3
1703,103.6,138.7,260.0
1704,11.6,88.1,106.2
1705,27.4,189.3,189.9
1706,18.4,83.8,84.3
1707,13.1,77.2,77.7
1708,68.5,76.5,76.9
1709,138.3,243.5,243.9
1710,157.3,106.9,192.1
1711,165.8,119.4,212.8
1712,11.7,106.4,189.4
1713,10.8,224.9,320.0
1714,21.8,187.5,273.9
1715,105.1,75.4,75.8
1716,14.3,94.0,94.8
1717,12.7,86.5,87.1
1718,93.8,179.0,179.9
1719,34.9,138.5,139.3
1720,182.3,159.2,253.0
1721,46.1,126.5,231.4
1722,11.4,271.6,432.6
1723,36.0,147.7,189.9
1724,244.4,180.1,221.3
1725,14.6,145.2,145.8
1726,18.6,138.3,138.9
1727,147.4,134.5,134.7
1728,13.0,85.1,85.3
1729,140.6,66.9,67.1
1730,143.5,176.4,215.4
1731,92.1,123.1,160.4
1732,120.4,147.7,204.5
1733,18.9,122.5,163.3
1734,94.3,178.3,219.1
1735,16.0,138.2,138.4
1736,14.6,98.9,99.2
1737,140.5,157.5,157.8
1738,40.2,79.9,80.1
1739,134.4,132.6,132.9
1740,146.2,163.8,200.5
1741,10.6,93.5,129.1
1742,112.8,83.5,121.1
1743,20.0,122.4,173.3
1744,101.0,121.6,156.2
1745,13.5,63.3,63.4
1746,145.7,98.3,98.7
1747,143.9,152.4,152.6
1748,29.0,89.8,89.9
1749,155.3,192.4,192.6
1750,14.4,178.8,226.8
1751,12.4,146.2,153.3
1752,86.1,126.1,185.6
1753,21.9,146.4,208.0
1754,18.8,126.5,134.1
1755,23.1,113.2,113.9
1756,148.4,101.7,102.4
1757,148.2,96.6,97.1
1758,12.5,132.7,133.2
1759,133.0,81.6,81.8
1760,151.7,116.5,153.4
1761,134.4,95.9,132.8
1762,42.4,136.8,173.9
1763,16.8,115.0,153.2
1764,58.7,91.6,127.8
1765,185.9,69.2,69.5
1766,161.0,122.8,123.9
1767,33.7,91.3,91.4
1768,15.2,76.9,77.0
1769,138.5,93.0,93.6
1770,14.8,160.5,202.5
1771,11.1,198.5,233.6
1772,24.8,96.7,137.7
1773,81.3,143.5,177.8
1774,148.3,98.8,133.0
1775,163.6,111.3,111.6
1776,165.0,265.1,265.3
1777,12.4,80.7,80.8
1778,137.4,72.8,72.9
1779,10.7,71.1,71.4
1780,12.3,291.7,332.5
1781,81.6,108.8,143.0
1782,26.7,107.6,141.6
1783,34.5,263.5,309.2
1784,53.5,332.6,368.9
1785,159.6,82.9,83.1
1786,172.8,79.5,79.7
1787,13.5,327.2,327.4
1788,138.6,175.1,175.4
1789,12.4,61.0,61.2
1790,36.4,213.0,250.8
1791,43.1,384.6,423.7
1792,121.5,95.5,136.6
1793,151.4,105.4,153.8
1794,13.2,167.8,211.3
1795,155.8,236.0,236.2
1796,62.3,78.5,78.7
1797,148.6,57.1,57.3
1798,16.1,181.2,181.4
1799,42.6,93.1,93.6
1800,89.7,145.2,198.2
1801,34.9,108.8,116.2
1802,166.0,320.9,381.8
1803,13.4,100.8,150.1
1804,16.3,124.8,132.1
1805,178.6,109.4,109.9
1806,12.8,254.8,255.0
1807,135.5,159.9,160.0
1808,15.2,117.3,117.6
1809,11.0,283.1,283.4
1810,23.3,245.2,287.2
1811,100.1,250.4,291.5
1812,147.7,124.9,165.0
1813,117.9,217.7,318.7
1814,69.5,253.0,290.4
1815,17.5,153.2,153.4
1816,158.0,268.7,268.9
1817,124.0,338.1,338.2
1818,74.4,58.2,58.3
1819,43.1,136.7,136.8
1820,25.7,99.3,139.7
1821,14.2,370.8,408.7
1822,145.4,101.8,146.9
1823,140.1,210.3,247.2
1824,140.9,142.9,180.3
1825,13.7,56.3,56.5
1826,129.5,86.1,86.4
1827,20.4,242.2,242.3
1828,135.0,75.8,75.9
1829,133.8,255.1,255.2
1830,19.9,96.7,132.9
1831,163.4,142.4,178.2
1832,12.1,141.4,178.2
1833,139.5,124.9,161.0
1834,52.9,213.8,248.1
1835,53.6,62.8,63.0
1836,14.7,93.7,93.8
1837,95.3,86.4,86.6
1838,135.1,244.9,245.1
1839,22.1,82.0,82.2
1840,183.3,92.5,139.5
1841,19.4,106.4,142.7
1842,69.2,94.4,131.0
1843,12.8,175.6,211.7
1844,11.7,117.9,153.8
1845,36.3,128.2,128.4
1846,23.2,68.6,68.7
1847,14.5,287.0,287.2
1848,46.1,65.4,65.7
1849,21.8,110.9,111.1
1850,150.3,124.7,174.5
1851,175.3,149.3,156.2
1852,11.5,276.3,330.8
1853,171.3,202.5,254.1
1854,14.0,150.1,157.6
1855,82.7,181.4,181.5
1856,27.5,365.3,365.5
1857,23.7,66.2,66.5
1858,21.1,79.3,79.5
1859,26.5,34.6,34.8
1860,18.3,65.6,110.8
1861,72.3,259.8,295.7
1862,25.2,73.5,110.2
1863,26.2,45.4,82.3
1864,104.7,45.0,81.4
1865,45.6,33.8,33.9
1866,98.2,43.2,43.5
1867,99.9,46.2,46.3
1868,103.2,56.8,57.0
1869,99.7,239.0,239.1
1870,78.6,322.2,366.4
1871,84.8,56.7,92.4
1872,96.5,58.2,94.1
1873,96.6,174.0,213.8
1874,103.4,109.1,151.6
1875,108.9,95.6,95.8
1876,103.0,254.7,254.9
1877,104.4,87.3,87.4
1878,63.7,160.7,160.9
1879,57.5,380.8,381.4
1880,40.4,472.6,541.4
1881,61.7,111.1,147.9
1882,34.7,111.7,147.4
1883,37.5,155.2,239.8
1884,30.3,95.7,132.8
1885,35.1,86.4,86.6
1886,43.0,227.6,227.8
1887,49.4,79.2,79.3
1888,35.4,68.9,69.0
1889,245.9,207.6,207.8
1890,30.6,147.6,186.7
1891,32.8,254.1,287.5
1892,33.4,263.8,302.1
1893,44.1,145.0,182.4
1894,43.8,137.2,173.7
1895,32.4,77.2,77.5
1896,56.9,71.2,71.4
1897,29.7,72.1,72.2
1898,45.9,147.6,147.8
1899,34.2,75.1,75.3
1900,31.8,111.8,160.9
1901,106.0,169.3,200.2
1902,39.1,213.0,265.8
1903,33.6,155.3,205.5
1904,31.2,151.8,158.9
1905,29.6,80.3,80.6
1906,28.8,56.3,56.4
1907,29.9,150.9,151.3
1908,30.7,67.2,67.3
1909,50.0,122.8,123.1
1910,39.9,193.5,246.7
1911,223.3,156.5,191.9
1912,38.3,277.6,313.2
1913,120.3,220.8,255.6
1914,48.3,204.3,240.1
1915,105.1,107.4,107.7
1916,120.4,408.7,408.8
1917,107.4,81.0,81.2
1918,102.6,57.0,57.1
1919,97.2,81.3,81.7
1920,96.6,289.8,325.9
1921,94.4,88.5,123.4
1922,139.1,90.4,127.9
1923,100.4,153.8,192.3
1924,98.9,91.6,126.1
1925,98.2,70.0,70.2
1926,165.7,317.4,317.5
1927,127.8,75.9,76.0
1928,99.8,377.6,378.0
1929,173.0,126.0,126.2
1930,97.4,223.5,258.6
1931,102.5,77.3,114.8
1932,96.8,97.5,137.5
1933,166.4,373.4,410.6
1934,101.0,77.9,114.4
1935,108.8,56.5,56.7
1936,102.9,122.9,123.5
1937,174.5,154.4,155.1
1938,99.4,215.9,216.5
1939,101.6,215.9,216.5
1940,100.9,192.4,236.3
1941,99.6,241.3,285.0
1942,103.2,171.0,235.8
1943,63.3,169.2,206.0
1944,40.1,377.3,414.5
1945,29.4,63.5,63.7
1946,63.8,55.9,56.1
1947,24.1,195.5,195.7
1948,164.2,321.3,321.8
1949,11.2,121.0,121.6
1950,121.5,155.4,214.5
1951,11.8,154.7,167.1
1952,26.1,208.2,261.0
1953,20.9,88.5,181.7
1954,13.4,145.9,153.1
1955,135.1,63.3,63.5
1956,42.1,81.9,82.1
1957,32.3,274.3,274.4
1958,42.8,205.7,205.8
1959,12.5,109.9,110.1
1960,13.1,47.7,90.8
1961,163.5,56.2,93.2
1962,25.4,52.9,90.7
1963,135.0,76.3,113.9
1964,12.4,227.8,263.7
1965,12.8,78.4,78.5
1966,41.3,237.1,237.3
1967,104.4,43.5,43.6
1968,140.9,70.0,70.1
1969,14.8,207.2,207.3
1970,145.1,46.3,86.3
1971,49.2,54.9,96.2
1972,228.9,98.3,135.2
1973,24.5,265.2,302.9
1974,14.9,288.8,326.0
1975,175.9,35.9,36.1
1976,40.6,120.3,120.5
1977,108.5,55.6,55.8
1978,166.0,280.2,280.4
1979,88.9,127.6,127.7
1980,71.4,67.8,120.1
1981,18.9,79.0,121.1
1982,106.3,56.7,93.4
1983,12.5,47.0,83.4
1984,140.7,164.4,200.6
1985,164.7,49.5,49.8
1986,147.8,222.6,222.8
1987,57.4,45.1,45.3
1988,14.1,81.1,81.3
1989,44.9,277.8,277.9
1990,20.4,195.8,234.6
1991,14.3,64.4,100.0
1992,117.9,80.1,115.6
1993,50.6,44.9,81.6
1994,135.2,58.0,95.3
1995,37.4,138.1,138.3
1996,167.5,32.4,32.5
1997,14.3,302.5,302.6
1998,11.0,48.2,48.4
1999,136.2,72.0,72.3
