pc,preset,lufs,peak_dbfs,left_lufs,right_lufs,crest_db,centroid_hz,low,lowmid,mid,presence,air,t_build,t_load,t_render,t_total,pre_peak_dbfs,limited_pct_+0dB,max_gr_db_+0dB,limited_pct_+3dB,max_gr_db_+3dB,limited_pct_+6dB,max_gr_db_+6dB
0,Maiden Heavy,-14.8,-3.7,-18.01,-17.62,14.35,768,-5.18,-3.59,-8.7,-9.15,-25.37,0.01,0.17,1.63,2.71,-3.7,0.0,0.0,0.0,0.3,1.23,3.3
1,Maiden Clean,-14.87,-1.0,-18.97,-16.96,16.68,531,-2.35,-6.92,-7.93,-12.74,-41.67,0.01,0.2,1.97,3.01,0.05,0.16,1.05,4.99,4.05,15.24,7.05
2,Maiden Acoustic,-15.99,-2.63,-21.35,-17.36,16.03,686,-5.66,-4.64,-4.17,-27.18,-34.83,0.01,0.2,3.0,3.88,-2.63,0.0,0.0,0.32,1.37,8.99,4.37
3,Van Halen I Brown,-17.79,-6.77,-22.6,-19.53,15.31,1625,-9.79,-6.19,-4.22,-5.79,-19.22,0.01,0.18,1.87,2.7,-6.77,0.0,0.0,0.0,0.0,0.0,0.23
4,Van Halen 1984,-15.72,-5.19,-21.34,-17.12,15.43,2186,-9.93,-8.11,-6.45,-3.13,-15.13,0.0,0.19,1.43,2.19,-5.19,0.0,0.0,0.0,0.0,0.45,1.81
5,Def Leppard Pyromania,-15.26,-5.29,-19.68,-17.21,13.37,813,-6.43,-3.19,-8.13,-8.66,-25.78,0.01,0.21,1.77,2.76,-5.29,0.0,0.0,0.0,0.0,0.38,1.71
6,Def Leppard Hysteria,-6.58,-1.0,-12.06,-8.02,8.52,890,-18.94,-1.58,-6.59,-11.36,-31.12,0.01,0.18,1.44,2.39,10.96,97.65,11.96,98.42,14.96,99.24,17.96
7,U2 Streets,-10.55,-1.0,-16.51,-11.82,12.06,439,-8.9,-1.08,-11.16,-18.49,-36.55,0.01,0.2,1.8,3.21,0.93,1.73,1.93,38.43,4.93,84.75,7.93
8,Comfortably Numb,-12.04,-1.0,-17.62,-13.45,15.64,1837,-9.55,-4.96,-8.09,-4.08,-16.07,0.01,0.24,2.73,3.74,-0.4,0.03,0.6,10.79,3.6,66.21,6.6
9,Radiohead,-10.89,-1.0,-17.34,-11.81,12.63,634,-7.96,-1.53,-9.88,-14.91,-28.71,0.01,0.21,3.11,4.38,3.14,9.64,4.14,35.02,7.14,63.21,10.14
10,Nirvana,-12.96,-4.71,-16.29,-15.68,12.64,1515,-9.16,-5.55,-6.23,-4.48,-22.59,0.01,0.23,2.57,3.33,-4.71,0.0,0.0,0.0,0.0,5.82,2.29
11,Djent,-14.45,-6.17,-17.74,-17.2,12.52,1511,-9.16,-4.87,-6.22,-5.38,-16.12,0.01,0.24,2.91,3.9,-6.17,0.0,0.0,0.0,0.0,0.24,0.83
12,Purple Rain,-13.47,-1.0,-19.15,-14.85,17.5,1734,-14.55,-8.96,-2.11,-6.55,-30.76,0.01,0.19,1.9,3.17,-0.13,0.27,0.87,10.25,3.87,27.89,6.87
13,Satan Full Rig,-14.3,-1.0,-17.31,-17.31,16.81,1098,-2.69,-12.76,-7.69,-6.51,-18.38,0.0,20.05,1.16,22.4,-0.31,0.05,0.69,0.53,3.69,6.91,6.69
14,Satan 50 Modern,-14.0,-6.41,-17.01,-17.01,11.79,1754,-8.73,-5.34,-6.12,-5.65,-12.42,0.01,0.22,2.28,3.11,-6.41,0.0,0.0,0.0,0.0,0.03,0.59
15,Satan 50 Low Tuned,-14.01,-8.38,-17.02,-17.02,11.01,2412,-9.86,-9.18,-11.24,-1.89,-12.74,0.0,0.17,1.94,2.74,-8.38,0.0,0.0,0.0,0.0,0.0,0.0
16,Satan 50 Lead,-14.01,-4.49,-17.02,-17.02,13.64,1417,-5.24,-5.5,-11.19,-4.78,-19.68,0.0,0.2,2.31,3.2,-4.49,0.0,0.0,0.0,0.0,1.54,2.51
17,Stormblade,-13.99,-4.9,-16.99,-17.01,13.18,1300,-6.96,-5.42,-6.01,-5.92,-23.64,0.01,0.21,1.69,2.75,-4.9,0.0,0.0,0.0,0.0,0.56,2.1
18,Is This Love,-16.0,-1.91,-20.68,-17.8,18.9,1530,-12.61,-7.9,-2.23,-7.34,-36.6,0.01,0.2,1.98,3.06,-1.91,0.0,0.0,0.98,2.09,11.91,5.09
19,Rule the World,-16.09,-1.0,-21.51,-17.51,18.95,1091,-7.85,-4.92,-4.02,-9.29,-46.5,0.22,0.2,1.65,3.27,3.55,0.77,4.55,3.82,7.55,13.62,10.55
20,Every Breath You Take,-15.68,-1.0,-20.36,-17.48,18.54,1111,-7.35,-4.93,-4.08,-9.88,-30.05,0.01,0.21,1.74,3.05,3.19,1.14,4.19,6.43,7.19,20.26,10.19
21,Hysteria Clean,-16.08,-1.0,-21.7,-17.43,18.75,1095,-20.42,-4.44,-2.3,-13.7,-36.68,0.22,0.09,1.48,3.22,-0.83,0.0,0.17,0.73,3.17,8.55,6.17
22,This Charming Man,-16.17,-1.0,-21.7,-17.59,19.24,1167,-8.48,-6.82,-2.34,-11.74,-42.22,0.2,0.22,3.21,4.91,4.11,0.84,5.11,2.98,8.11,12.22,11.11
23,Maiden Harmony,-15.9,-7.72,-18.91,-18.91,11.63,856,-6.87,-3.08,-8.26,-8.27,-24.22,0.01,0.2,2.45,3.29,-7.72,0.0,0.0,0.0,0.0,0.0,0.0
